create database shopping_mall;
use shopping_mall;

create table store(
	str_id int primary key not null,
	str_name varchar(50) not null,
	Address varchar(50) not null,
	str_floor varchar(50) not null
);

INSERT INTO store (str_id, str_name, Address, str_floor) 
VALUES
(1, 'Nike', 'City Mall', '1st Floor'),
(2, 'Adidas', 'City Mall', '2nd Floor'),
(3, 'Zara', 'City Mall', '3rd Floor'),
(4, 'H&M', 'City Mall', '4th Floor'),
(5, 'Levis', 'City Mall', '5th Floor'),
(6, 'Puma', 'City Mall', '6th Floor'),
(7, 'Reebok', 'City Mall', '7th Floor'),
(8, 'Gucci', 'City Mall', '8th Floor'),
(9, 'Versace', 'City Mall', '9th Floor'),
(10, 'Armani', 'City Mall', '10th Floor'),
(11, 'Bata', 'City Mall', '11th Floor'),
(12, 'Woodland', 'City Mall', '12th Floor'),
(13, 'Mango', 'City Mall', '13th Floor'),
(14, 'Forever21', 'City Mall', '14th Floor'),
(15, 'Pantaloons', 'City Mall', '15th Floor'),
(16, 'Westside', 'City Mall', '16th Floor'),
(17, 'Shoppers Stop', 'City Mall', '17th Floor'),
(18, 'Lifestyle', 'City Mall', '18th Floor'),
(19, 'Max Fashion', 'City Mall', '19th Floor'),
(20, 'Fabindia', 'City Mall', '20th Floor'),
(21, 'W Store', 'City Mall', '21st Floor'),
(22, 'Global Desi', 'City Mall', '22nd Floor'),
(23, 'AND Fashion', 'City Mall', '23rd Floor'),
(24, 'Van Heusen', 'City Mall', '24th Floor'),
(25, 'Allen Solly', 'City Mall', '25th Floor'),
(26, 'Peter England', 'City Mall', '26th Floor'),
(27, 'Louis Philippe', 'City Mall', '27th Floor'),
(28, 'Arrow', 'City Mall', '28th Floor'),
(29, 'Raymond', 'City Mall', '29th Floor'),
(30, 'Wills Lifestyle', 'City Mall', '30th Floor'),
(31, 'United Colors of Benetton', 'City Mall', '31st Floor'),
(32, 'Pepe Jeans', 'City Mall', '32nd Floor'),
(33, 'Spykar', 'City Mall', '33rd Floor'),
(34, 'Jack Jones', 'City Mall', '34th Floor'),
(35, 'Vero Moda', 'City Mall', '35th Floor'),
(36, 'Only', 'City Mall', '36th Floor'),
(37, 'Tommy Hilfiger', 'City Mall', '37th Floor'),
(38, 'Calvin Klein', 'City Mall', '38th Floor'),
(39, 'US Polo', 'City Mall', '39th Floor'),
(40, 'Flying Machine', 'City Mall', '40th Floor'),
(41, 'Wrangler', 'City Mall', '41st Floor'),
(42, 'Lee Cooper', 'City Mall', '42nd Floor'),
(43, 'Killer Jeans', 'City Mall', '43rd Floor'),
(44, 'Numero Uno', 'City Mall', '44th Floor'),
(45, 'Duke Fashion', 'City Mall', '45th Floor'),
(46, 'Monte Carlo', 'City Mall', '46th Floor'),
(47, 'Blackberrys', 'City Mall', '47th Floor'),
(48, 'Park Avenue', 'City Mall', '48th Floor'),
(49, 'Color Plus', 'City Mall', '49th Floor'),
(50, 'Zodiac', 'City Mall', '50th Floor'),
(51, 'Lacoste', 'City Mall', '51st Floor'),
(52, 'Polo Ralph Lauren', 'City Mall', '52nd Floor'),
(53, 'Burberry', 'City Mall', '53rd Floor'),
(54, 'Hugo Boss', 'City Mall', '54th Floor'),
(55, 'Michael Kors', 'City Mall', '55th Floor'),
(56, 'Coach', 'City Mall', '56th Floor'),
(57, 'Kate Spade', 'City Mall', '57th Floor'),
(58, 'Fossil', 'City Mall', '58th Floor'),
(59, 'Titan', 'City Mall', '59th Floor'),
(60, 'Fastrack', 'City Mall', '60th Floor'),
(61, 'Casio', 'City Mall', '61st Floor'),
(62, 'Swarovski', 'City Mall', '62nd Floor'),
(63, 'Tanishq', 'City Mall', '63rd Floor'),
(64, 'Malabar Gold', 'City Mall', '64th Floor'),
(65, 'PC Jeweller', 'City Mall', '65th Floor'),
(66, 'Kalyan Jewellers', 'City Mall', '66th Floor'),
(67, 'Senco Gold', 'City Mall', '67th Floor'),
(68, 'Reliance Jewels', 'City Mall', '68th Floor'),
(69, 'Caratlane', 'City Mall', '69th Floor'),
(70, 'Bluestone', 'City Mall', '70th Floor'),
(71, 'Apple Store', 'City Mall', '71st Floor'),
(72, 'Samsung', 'City Mall', '72nd Floor'),
(73, 'Sony Center', 'City Mall', '73rd Floor'),
(74, 'LG Electronics', 'City Mall', '74th Floor'),
(75, 'Croma', 'City Mall', '75th Floor'),
(76, 'Reliance Digital', 'City Mall', '76th Floor'),
(77, 'Vijay Sales', 'City Mall', '77th Floor'),
(78, 'Xiaomi Store', 'City Mall', '78th Floor'),
(79, 'OnePlus Store', 'City Mall', '79th Floor'),
(80, 'Oppo Store', 'City Mall', '80th Floor'),
(81, 'Vivo Store', 'City Mall', '81st Floor'),
(82, 'Boat Store', 'City Mall', '82nd Floor'),
(83, 'JBL Store', 'City Mall', '83rd Floor'),
(84, 'Bose Store', 'City Mall', '84th Floor'),
(85, 'Lenovo Store', 'City Mall', '85th Floor'),
(86, 'Dell Store', 'City Mall', '86th Floor'),
(87, 'HP Store', 'City Mall', '87th Floor'),
(88, 'Asus Store', 'City Mall', '88th Floor'),
(89, 'Acer Store', 'City Mall', '89th Floor'),
(90, 'MSI Store', 'City Mall', '90th Floor'),
(91, 'KFC', 'City Mall', '91st Floor'),
(92, 'McDonald', 'City Mall', '92nd Floor'),
(93, 'Burger King', 'City Mall', '93rd Floor'),
(94, 'Pizza Hut', 'City Mall', '94th Floor'),
(95, 'Dominos', 'City Mall', '95th Floor'),
(96, 'Subway', 'City Mall', '96th Floor'),
(97, 'Starbucks', 'City Mall', '97th Floor'),
(98, 'Cafe Coffee Day', 'City Mall', '98th Floor'),
(99, 'Barista', 'City Mall', '99th Floor'),
(100, 'Costa Coffee', 'City Mall', '100th Floor'),
(101, 'Baskin Robbins', 'City Mall', '101st Floor'),
(102, 'Haagen Dazs', 'City Mall', '102nd Floor'),
(103, 'Natural Ice Cream', 'City Mall', '103rd Floor'),
(104, 'Amul Parlour', 'City Mall', '104th Floor'),
(105, 'Bakers Dozen', 'City Mall', '105th Floor'),
(106, 'The Cake Shop', 'City Mall', '106th Floor'),
(107, 'Sweet World', 'City Mall', '107th Floor'),
(108, 'Haldirams', 'City Mall', '108th Floor'),
(109, 'Bikanervala', 'City Mall', '109th Floor'),
(110, 'Sagar Ratna', 'City Mall', '110th Floor'),
(111, 'Mainland China', 'City Mall', '111th Floor'),
(112, 'Barbeque Nation', 'City Mall', '112th Floor'),
(113, 'Paradise Biryani', 'City Mall', '113th Floor'),
(114, 'Behrouz Biryani', 'City Mall', '114th Floor'),
(115, 'Fassos', 'City Mall', '115th Floor'),
(116, 'Wow Momo', 'City Mall', '116th Floor'),
(117, 'Chaayos', 'City Mall', '117th Floor'),
(118, 'Tea Post', 'City Mall', '118th Floor'),
(119, 'Theobroma', 'City Mall', '119th Floor'),
(120, 'Wengers', 'City Mall', '120th Floor'),
(121, 'Archies Gallery', 'City Mall', '121st Floor'),
(122, 'Hallmark', 'City Mall', '122nd Floor'),
(123, 'Crossword', 'City Mall', '123rd Floor'),
(124, 'Starmark', 'City Mall', '124th Floor'),
(125, 'Oxford Bookstore', 'City Mall', '125th Floor'),
(126, 'Landmark', 'City Mall', '126th Floor'),
(127, 'Hamleys', 'City Mall', '127th Floor'),
(128, 'Lego Store', 'City Mall', '128th Floor'),
(129, 'Mattel Store', 'City Mall', '129th Floor'),
(130, 'Funskool', 'City Mall', '130th Floor'),
(131, 'Decathlon', 'City Mall', '131st Floor'),
(132, 'Sports Station', 'City Mall', '132nd Floor'),
(133, 'Planet Sports', 'City Mall', '133rd Floor'),
(134, 'Pro Sport', 'City Mall', '134th Floor'),
(135, 'Sport Zone', 'City Mall', '135th Floor'),
(136, 'Wildcraft', 'City Mall', '136th Floor'),
(137, 'The North Face', 'City Mall', '137th Floor'),
(138, 'Columbia', 'City Mall', '138th Floor'),
(139, 'Quechua', 'City Mall', '139th Floor'),
(140, 'Skechers', 'City Mall', '140th Floor'),
(141, 'Crocs', 'City Mall', '141st Floor'),
(142, 'Metro Shoes', 'City Mall', '142nd Floor'),
(143, 'Liberty Shoes', 'City Mall', '143rd Floor'),
(144, 'Khadims', 'City Mall', '144th Floor'),
(145, 'Red Tape', 'City Mall', '145th Floor'),
(146, 'Hush Puppies', 'City Mall', '146th Floor'),
(147, 'Clarks', 'City Mall', '147th Floor'),
(148, 'Steve Madden', 'City Mall', '148th Floor'),
(149, 'Aldo', 'City Mall', '149th Floor'),
(150, 'Nine West', 'City Mall', '150th Floor'),
(151, 'Bath Body Works', 'City Mall', '151st Floor'),
(152, 'The Body Shop', 'City Mall', '152nd Floor'),
(153, 'Forest Essentials', 'City Mall', '153rd Floor'),
(154, 'Kama Ayurveda', 'City Mall', '154th Floor'),
(155, 'Lotus Herbals', 'City Mall', '155th Floor'),
(156, 'Lakme', 'City Mall', '156th Floor'),
(157, 'Nykaa', 'City Mall', '157th Floor'),
(158, 'MAC Cosmetics', 'City Mall', '158th Floor'),
(159, 'Sephora', 'City Mall', '159th Floor'),
(160, 'Sugar Cosmetics', 'City Mall', '160th Floor'),
(161, 'Mamaearth', 'City Mall', '161st Floor'),
(162, 'Plum', 'City Mall', '162nd Floor'),
(163, 'Biotique', 'City Mall', '163rd Floor'),
(164, 'Himalaya', 'City Mall', '164th Floor'),
(165, 'Patanjali', 'City Mall', '165th Floor'),
(166, 'Health Genie', 'City Mall', '166th Floor'),
(167, 'Apollo Pharmacy', 'City Mall', '167th Floor'),
(168, 'MedPlus', 'City Mall', '168th Floor'),
(169, 'Guardian Pharmacy', 'City Mall', '169th Floor'),
(170, 'Wellness Forever', 'City Mall', '170th Floor'),
(171, 'VLCC', 'City Mall', '171st Floor'),
(172, 'Naturals Salon', 'City Mall', '172nd Floor'),
(173, 'Jawed Habib', 'City Mall', '173rd Floor'),
(174, 'Lakme Salon', 'City Mall', '174th Floor'),
(175, 'Green Trends', 'City Mall', '175th Floor'),
(176, 'YLG Salon', 'City Mall', '176th Floor'),
(177, 'Looks Salon', 'City Mall', '177th Floor'),
(178, 'Toni Guy', 'City Mall', '178th Floor'),
(179, 'BBlunt', 'City Mall', '179th Floor'),
(180, 'Enrich Salon', 'City Mall', '180th Floor'),
(181, 'IKEA', 'City Mall', '181st Floor'),
(182, 'Home Center', 'City Mall', '182nd Floor'),
(183, 'Hometown', 'City Mall', '183rd Floor'),
(184, 'Pepperfry', 'City Mall', '184th Floor'),
(185, 'Urban Ladder', 'City Mall', '185th Floor'),
(186, 'Godrej Interio', 'City Mall', '186th Floor'),
(187, 'Nilkamal', 'City Mall', '187th Floor'),
(188, 'Stanley Furniture', 'City Mall', '188th Floor'),
(189, 'Wooden Street', 'City Mall', '189th Floor'),
(190, 'The Sleep Company', 'City Mall', '190th Floor'),
(191, 'Sleepwell', 'City Mall', '191st Floor'),
(192, 'Kurl-on', 'City Mall', '192nd Floor'),
(193, 'Durian', 'City Mall', '193rd Floor'),
(194, 'Zuari Furniture', 'City Mall', '194th Floor'),
(195, 'Evok', 'City Mall', '195th Floor'),
(196, 'D Mart', 'City Mall', '196th Floor'),
(197, 'Big Bazaar', 'City Mall', '197th Floor'),
(198, 'Spencer Retail', 'City Mall', '198th Floor'),
(199, 'Star Bazaar', 'City Mall', '199th Floor'),
(200, 'Reliance Fresh', 'City Mall', '200th Floor');


CREATE TABLE department (
    department_id INT PRIMARY KEY,
    department_name VARCHAR(50),
    str_id INT,
    FOREIGN KEY (str_id) REFERENCES store(str_id)
);

INSERT INTO department (department_id, department_name, str_id) VALUES
(1, 'Mens Wear', 45),
(2, 'Womens Wear', 132),
(3, 'Kids Section', 78),
(4, 'Footwear', 19),
(5, 'Electronics', 163),
(6, 'Jewellery', 87),
(7, 'Cosmetics', 34),
(8, 'Food Court', 156),
(9, 'Sports', 11),
(10, 'Books', 199),
(11, 'Toys', 56),
(12, 'Furniture', 123),
(13, 'Home Decor', 67),
(14, 'Pharmacy', 188),
(15, 'Salon', 29),
(16, 'Supermarket', 144),
(17, 'Bakery', 93),
(18, 'Accessories', 172),
(19, 'Watches', 38),
(20, 'Bags', 115),
(21, 'Perfumes', 61),
(22, 'Sunglasses', 200),
(23, 'Lingerie', 84),
(24, 'Ethnic Wear', 147),
(25, 'Western Wear', 22),
(26, 'Activewear', 169),
(27, 'Denim Studio', 103),
(28, 'Formals', 55),
(29, 'Casuals', 138),
(30, 'Party Wear', 71),
(31, 'Winter Wear', 190),
(32, 'Summer Collection', 13),
(33, 'Maternity Wear', 126),
(34, 'Plus Size', 47),
(35, 'Kids Toys', 182),
(36, 'Baby Care', 99),
(37, 'Stationery', 33),
(38, 'Gift Shop', 154),
(39, 'Mobile Phones', 68),
(40, 'Laptops', 117),
(41, 'Audio Devices', 42),
(42, 'Gaming Zone', 195),
(43, 'Cameras', 76),
(44, 'Smart Devices', 9),
(45, 'TV Lounge', 161),
(46, 'Appliances', 28),
(47, 'Kitchen Store', 110),
(48, 'Bedding', 53),
(49, 'Bath Essentials', 136),
(50, 'Curtains', 197),
(51, 'Flooring', 81),
(52, 'Lighting', 24),
(53, 'Garden Store', 149),
(54, 'Pet Shop', 62),
(55, 'Travel Gear', 183),
(56, 'Luggage', 37),
(57, 'Outdoor Gear', 108),
(58, 'Cycling', 174),
(59, 'Swimming', 91),
(60, 'Fitness Equipment', 16),
(61, 'Yoga Studio', 140),
(62, 'Martial Arts', 57),
(63, 'Cricket Store', 122),
(64, 'Football Store', 79),
(65, 'Tennis Shop', 198),
(66, 'Badminton Shop', 44),
(67, 'Golf Store', 167),
(68, 'Skating', 102),
(69, 'Climbing Gear', 23),
(70, 'Trekking', 145),
(71, 'Cafe', 86),
(72, 'Juice Bar', 131),
(73, 'Ice Cream Parlour', 70),
(74, 'Sweets Corner', 113),
(75, 'Bakery Outlet', 48),
(76, 'Chinese Food', 176),
(77, 'South Indian', 32),
(78, 'North Indian', 159),
(79, 'Fast Food', 96),
(80, 'Biryani Corner', 7),
(81, 'Pizza Corner', 184),
(82, 'Burger Joint', 119),
(83, 'Sandwich Bar', 63),
(84, 'Wraps Corner', 142),
(85, 'Dessert Lab', 27),
(86, 'Tea House', 100),
(87, 'Coffee Lounge', 173),
(88, 'Smoothie Bar', 41),
(89, 'Health Food', 116),
(90, 'Organic Store', 58),
(91, 'Dry Fruits', 189),
(92, 'Spice Store', 74),
(93, 'Dairy Corner', 133),
(94, 'Meat Shop', 18),
(95, 'Seafood Corner', 155),
(96, 'Vegetable Market', 89),
(97, 'Fruit Corner', 46),
(98, 'Beverages', 128),
(99, 'Chocolates', 3),
(100, 'Confectionery', 170),
(101, 'Skin Care', 107),
(102, 'Hair Care', 52),
(103, 'Nail Studio', 191),
(104, 'Spa', 66),
(105, 'Mens Grooming', 15),
(106, 'Bridal Studio', 139),
(107, 'Makeup Studio', 80),
(108, 'Ayurvedic Care', 121),
(109, 'Herbal Store', 35),
(110, 'Wellness Center', 164),
(111, 'Opticals', 97),
(112, 'Hearing Care', 50),
(113, 'Dental Care', 179),
(114, 'Diagnostics', 114),
(115, 'Pathology Lab', 6),
(116, 'Nutrition Store', 148),
(117, 'Vitamin Shop', 83),
(118, 'Medical Devices', 196),
(119, 'First Aid', 31),
(120, 'Insurance Desk', 157),
(121, 'Bank ATM', 92),
(122, 'Currency Exchange', 25),
(123, 'Travel Desk', 168),
(124, 'Ticket Booking', 111),
(125, 'Event Space', 54),
(126, 'Conference Room', 186),
(127, 'Kids Play Area', 39),
(128, 'Food Sampling', 120),
(129, 'Customer Service', 75),
(130, 'Lost Found', 193),
(131, 'Security Desk', 8),
(132, 'Parking Desk', 152),
(133, 'Laundry Service', 69),
(134, 'Tailoring', 127),
(135, 'Shoe Repair', 14),
(136, 'Watch Repair', 141),
(137, 'Phone Repair', 88),
(138, 'Laptop Repair', 177),
(139, 'Dry Cleaning', 43),
(140, 'Ironing Center', 166),
(141, 'Photo Studio', 105),
(142, 'Print Shop', 20),
(143, 'Art Gallery', 151),
(144, 'Music Store', 72),
(145, 'Instrument Shop', 194),
(146, 'Dance Studio', 36),
(147, 'Drama Studio', 109),
(148, 'Craft Store', 59),
(149, 'Fabric Store', 180),
(150, 'Embroidery', 95),
(151, 'Knitting Store', 26),
(152, 'Sewing Center', 143),
(153, 'Tailor Zone', 60),
(154, 'Design Studio', 187),
(155, 'Interior Design', 104),
(156, 'Architecture Desk', 1),
(157, 'Real Estate', 130),
(158, 'Legal Services', 73),
(159, 'Accounting', 192),
(160, 'IT Services', 49),
(161, 'Marketing Desk', 162),
(162, 'HR Desk', 17),
(163, 'Admin Office', 118),
(164, 'Logistics', 82),
(165, 'Supply Chain', 135),
(166, 'Warehouse', 2),
(167, 'Dispatch Center', 160),
(168, 'Receiving Bay', 125),
(169, 'Quality Check', 185),
(170, 'Packaging', 98),
(171, 'Labelling', 21),
(172, 'Sorting Hub', 146),
(173, 'Returns Desk', 85),
(174, 'Exchange Counter', 129),
(175, 'Billing Counter', 64),
(176, 'Cashier Desk', 101),
(177, 'Self Checkout', 171),
(178, 'Gift Wrapping', 40),
(179, 'Loyalty Desk', 153),
(180, 'Membership Desk', 12),
(181, 'Offers Zone', 178),
(182, 'Discount Corner', 94),
(183, 'Clearance Sale', 137),
(184, 'New Arrivals', 5),
(185, 'Seasonal Picks', 150),
(186, 'Premium Zone', 77),
(187, 'Luxury Corner', 10),
(188, 'Budget Store', 165),
(189, 'Value Zone', 106),
(190, 'Flash Sale Desk', 181),
(191, 'Online Orders', 30),
(192, 'Click Collect', 158),
(193, 'Delivery Hub', 112),
(194, 'Pickup Counter', 4),
(195, 'Courier Desk', 175),
(196, 'Locker Zone', 90),
(197, 'Vending Machine', 134),
(198, 'Food Vending', 51),
(199, 'Snack Corner', 176),
(200, 'Refreshment Zone', 124);



CREATE TABLE employee (
    employee_id INT PRIMARY KEY,
    employee_name VARCHAR(50),
    department_id INT,
    FOREIGN KEY (department_id) REFERENCES department(department_id)
);


INSERT INTO employee (employee_id, employee_name, department_id) VALUES
(1, 'Aarav Sharma', 45),
(2, 'Priya Patel', 132),
(3, 'Rohit Verma', 78),
(4, 'Sneha Gupta', 19),
(5, 'Amit Kumar', 163),
(6, 'Divya Singh', 87),
(7, 'Vikram Rao', 34),
(8, 'Pooja Mehta', 156),
(9, 'Rajesh Nair', 11),
(10, 'Anita Joshi', 199),
(11, 'Suresh Pillai', 56),
(12, 'Kavya Iyer', 123),
(13, 'Manoj Reddy', 67),
(14, 'Deepa Nambiar', 188),
(15, 'Arjun Menon', 29),
(16, 'Lakshmi Das', 144),
(17, 'Nikhil Bose', 93),
(18, 'Meena Chatterjee', 172),
(19, 'Sanjay Ghosh', 38),
(20, 'Rina Mukherjee', 115),
(21, 'Karthik Subramaniam', 61),
(22, 'Swathi Krishnan', 200),
(23, 'Ganesh Rajan', 84),
(24, 'Hema Balaji', 147),
(25, 'Pranav Mishra', 22),
(26, 'Ankita Tiwari', 169),
(27, 'Aditya Pandey', 103),
(28, 'Ritu Saxena', 55),
(29, 'Varun Srivastava', 138),
(30, 'Nandini Dubey', 71),
(31, 'Kunal Aggarwal', 190),
(32, 'Tanya Malhotra', 13),
(33, 'Siddharth Chopra', 126),
(34, 'Pallavi Kapoor', 47),
(35, 'Rahul Bajaj', 182),
(36, 'Shweta Arora', 99),
(37, 'Vivek Kohli', 33),
(38, 'Monika Sharma', 154),
(39, 'Abhishek Patel', 68),
(40, 'Roshni Verma', 117),
(41, 'Naveen Gupta', 42),
(42, 'Preeti Singh', 195),
(43, 'Tarun Kumar', 76),
(44, 'Geeta Rao', 9),
(45, 'Harish Mehta', 161),
(46, 'Suman Nair', 28),
(47, 'Brijesh Joshi', 110),
(48, 'Chitra Pillai', 53),
(49, 'Dinesh Iyer', 136),
(50, 'Aarti Reddy', 197),
(51, 'Praveen Nambiar', 81),
(52, 'Shalini Menon', 24),
(53, 'Girish Das', 149),
(54, 'Vimala Bose', 62),
(55, 'Ashok Chatterjee', 183),
(56, 'Jyoti Ghosh', 37),
(57, 'Ramesh Mukherjee', 108),
(58, 'Sunita Subramaniam', 174),
(59, 'Pawan Krishnan', 91),
(60, 'Leela Rajan', 16),
(61, 'Sunil Balaji', 140),
(62, 'Kamla Mishra', 57),
(63, 'Deepak Tiwari', 122),
(64, 'Rekha Pandey', 79),
(65, 'Mukesh Saxena', 198),
(66, 'Usha Srivastava', 44),
(67, 'Sandeep Dubey', 167),
(68, 'Sarla Aggarwal', 102),
(69, 'Ajay Malhotra', 23),
(70, 'Sudha Chopra', 145),
(71, 'Ramakrishna Kapoor', 86),
(72, 'Poonam Bajaj', 131),
(73, 'Shyam Arora', 70),
(74, 'Sunanda Kohli', 113),
(75, 'Hemant Sharma', 48),
(76, 'Savita Patel', 176),
(77, 'Girija Verma', 32),
(78, 'Madhukar Gupta', 159),
(79, 'Nalini Singh', 96),
(80, 'Balram Kumar', 7),
(81, 'Veena Rao', 184),
(82, 'Jagdish Mehta', 119),
(83, 'Shakuntala Nair', 63),
(84, 'Madan Joshi', 142),
(85, 'Saraswati Pillai', 27),
(86, 'Bharat Iyer', 100),
(87, 'Chandrika Reddy', 173),
(88, 'Gopal Nambiar', 41),
(89, 'Devika Menon', 116),
(90, 'Harendra Das', 58),
(91, 'Indira Bose', 189),
(92, 'Jagannath Chatterjee', 74),
(93, 'Kalavati Ghosh', 133),
(94, 'Lalita Mukherjee', 18),
(95, 'Mahendra Subramaniam', 155),
(96, 'Nirmala Krishnan', 89),
(97, 'Om Prakash Rajan', 46),
(98, 'Padmini Balaji', 128),
(99, 'Quasar Mishra', 3),
(100, 'Radha Tiwari', 170),
(101, 'Satish Pandey', 107),
(102, 'Triveni Saxena', 52),
(103, 'Umesh Srivastava', 191),
(104, 'Vasantha Dubey', 66),
(105, 'Waman Aggarwal', 15),
(106, 'Yamuna Malhotra', 139),
(107, 'Zeenat Chopra', 80),
(108, 'Aruna Kapoor', 121),
(109, 'Bhaskar Bajaj', 35),
(110, 'Champabai Arora', 164),
(111, 'Dattaram Kohli', 97),
(112, 'Esha Sharma', 50),
(113, 'Fulabai Patel', 179),
(114, 'Govardhan Verma', 114),
(115, 'Hansabai Gupta', 6),
(116, 'Ishwar Singh', 148),
(117, 'Jankibai Kumar', 83),
(118, 'Keshav Rao', 196),
(119, 'Lilavati Mehta', 31),
(120, 'Madanlal Nair', 157),
(121, 'Nathubai Joshi', 92),
(122, 'Omprakash Pillai', 25),
(123, 'Parvatibai Iyer', 168),
(124, 'Raghunath Reddy', 111),
(125, 'Sitabai Nambiar', 54),
(126, 'Tarabai Menon', 186),
(127, 'Uddhav Das', 39),
(128, 'Vatsala Bose', 120),
(129, 'Wamanrao Chatterjee', 75),
(130, 'Xena Ghosh', 193),
(131, 'Yashoda Mukherjee', 8),
(132, 'Zubeda Subramaniam', 152),
(133, 'Alok Krishnan', 69),
(134, 'Bharati Rajan', 127),
(135, 'Chetan Balaji', 14),
(136, 'Damayanti Mishra', 141),
(137, 'Eknath Tiwari', 88),
(138, 'Falguni Pandey', 177),
(139, 'Gajanan Saxena', 43),
(140, 'Hirabai Srivastava', 166),
(141, 'Indrajit Dubey', 105),
(142, 'Janardhan Aggarwal', 20),
(143, 'Kamlesh Malhotra', 151),
(144, 'Laxmibai Chopra', 72),
(145, 'Mangesh Kapoor', 194),
(146, 'Niranjana Bajaj', 36),
(147, 'Omkar Arora', 109),
(148, 'Pratibha Kohli', 59),
(149, 'Rajendra Sharma', 180),
(150, 'Sulochana Patel', 95),
(151, 'Trimbak Verma', 26),
(152, 'Urvashi Gupta', 143),
(153, 'Venkatesh Singh', 60),
(154, 'Wahida Kumar', 187),
(155, 'Xavier Rao', 104),
(156, 'Yuvraj Mehta', 1),
(157, 'Zubeida Nair', 130),
(158, 'Anand Joshi', 73),
(159, 'Bindiya Pillai', 192),
(160, 'Chandresh Iyer', 49),
(161, 'Daksha Reddy', 162),
(162, 'Edvin Nambiar', 17),
(163, 'Fatima Menon', 118),
(164, 'Gaurav Das', 82),
(165, 'Hemlata Bose', 135),
(166, 'Irfan Chatterjee', 2),
(167, 'Jayashree Ghosh', 160),
(168, 'Kamakshi Mukherjee', 125),
(169, 'Laxman Subramaniam', 185),
(170, 'Madhuri Krishnan', 98),
(171, 'Nagesh Rajan', 21),
(172, 'Onkar Balaji', 146),
(173, 'Prabha Mishra', 85),
(174, 'Quamar Tiwari', 129),
(175, 'Rupali Pandey', 64),
(176, 'Shobha Saxena', 101),
(177, 'Tulshidas Srivastava', 171),
(178, 'Uday Dubey', 40),
(179, 'Varsha Aggarwal', 153),
(180, 'Winnie Malhotra', 12),
(181, 'Xanthe Chopra', 178),
(182, 'Yogesh Kapoor', 94),
(183, 'Zahida Bajaj', 137),
(184, 'Amol Arora', 5),
(185, 'Bhavna Kohli', 150),
(186, 'Chirag Sharma', 77),
(187, 'Disha Patel', 10),
(188, 'Eshan Verma', 165),
(189, 'Foram Gupta', 106),
(190, 'Hitesh Singh', 181),
(191, 'Ishita Kumar', 30),
(192, 'Jignesh Rao', 158),
(193, 'Khyati Mehta', 112),
(194, 'Lokesh Nair', 4),
(195, 'Manasi Joshi', 175),
(196, 'Neel Pillai', 90),
(197, 'Omvati Iyer', 134),
(198, 'Palak Reddy', 51),
(199, 'Qasim Nambiar', 176),
(200, 'Rashi Menon', 124);

CREATE TABLE product (
    product_id INT PRIMARY KEY,
    product_name VARCHAR(50),
    department_id INT,
    FOREIGN KEY (department_id) REFERENCES department(department_id)
);

INSERT INTO product (product_id, product_name, department_id) VALUES
(1, 'Running Shoes', 78),
(2, 'Denim Jacket', 23),
(3, 'Wireless Earbuds', 145),
(4, 'Gold Necklace', 67),
(5, 'Lipstick Set', 189),
(6, 'Veggie Burger', 34),
(7, 'Cricket Bat', 112),
(8, 'Novel Book', 56),
(9, 'Lego Set', 178),
(10, 'Sofa Set', 9),
(11, 'Wall Clock', 134),
(12, 'Cough Syrup', 45),
(13, 'Hair Dryer', 167),
(14, 'Grocery Basket', 89),
(15, 'Croissant', 200),
(16, 'Handbag', 12),
(17, 'Wristwatch', 156),
(18, 'Backpack', 78),
(19, 'Perfume Bottle', 33),
(20, 'Aviator Sunglasses', 119),
(21, 'Sports Bra', 74),
(22, 'Saree', 192),
(23, 'Jeans', 47),
(24, 'Activewear Set', 163),
(25, 'Formal Shirt', 28),
(26, 'Casual T-Shirt', 101),
(27, 'Party Dress', 55),
(28, 'Winter Jacket', 176),
(29, 'Summer Dress', 19),
(30, 'Maternity Top', 138),
(31, 'Plus Size Kurta', 83),
(32, 'Baby Romper', 7),
(33, 'Notebook Set', 151),
(34, 'Gift Hamper', 62),
(35, 'Smartphone', 184),
(36, 'Gaming Laptop', 37),
(37, 'Bluetooth Speaker', 125),
(38, 'DSLR Camera', 69),
(39, 'Smart Watch', 197),
(40, 'LED Television', 14),
(41, 'Washing Machine', 142),
(42, 'Microwave Oven', 88),
(43, 'Bed Sheet Set', 29),
(44, 'Bath Towel', 160),
(45, 'Curtain Set', 51),
(46, 'Wooden Floor Tile', 113),
(47, 'Chandelier', 38),
(48, 'Garden Hose', 172),
(49, 'Pet Food', 95),
(50, 'Travel Pillow', 6),
(51, 'Trolley Bag', 148),
(52, 'Camping Tent', 71),
(53, 'Cycle Helmet', 199),
(54, 'Swimming Goggles', 24),
(55, 'Dumbbells', 136),
(56, 'Yoga Mat', 59),
(57, 'Boxing Gloves', 181),
(58, 'Cricket Gloves', 42),
(59, 'Football', 103),
(60, 'Tennis Racket', 166),
(61, 'Badminton Racket', 31),
(62, 'Golf Club', 122),
(63, 'Skating Shoes', 75),
(64, 'Climbing Rope', 193),
(65, 'Trekking Pole', 48),
(66, 'Cappuccino', 157),
(67, 'Fresh Juice', 80),
(68, 'Ice Cream Cup', 2),
(69, 'Gulab Jamun', 129),
(70, 'Chocolate Cake', 64),
(71, 'Chow Mein', 186),
(72, 'Masala Dosa', 17),
(73, 'Butter Chicken', 109),
(74, 'Burger', 53),
(75, 'Biryani', 174),
(76, 'Margherita Pizza', 98),
(77, 'Chicken Sandwich', 21),
(78, 'Paneer Wrap', 143),
(79, 'Brownie', 66),
(80, 'Masala Chai', 188),
(81, 'Cold Coffee', 35),
(82, 'Mango Smoothie', 117),
(83, 'Protein Bar', 82),
(84, 'Organic Honey', 150),
(85, 'Dry Fruit Mix', 11),
(86, 'Mixed Spices', 169),
(87, 'Cheese Block', 94),
(88, 'Chicken Breast', 43),
(89, 'Prawns Pack', 127),
(90, 'Fresh Vegetables', 70),
(91, 'Fruit Basket', 195),
(92, 'Mineral Water', 16),
(93, 'Chocolate Box', 139),
(94, 'Candy Pack', 84),
(95, 'Face Cream', 3),
(96, 'Shampoo', 155),
(97, 'Nail Polish', 68),
(98, 'Spa Kit', 190),
(99, 'Shaving Kit', 27),
(100, 'Bridal Makeup Kit', 111),
(101, 'Foundation', 57),
(102, 'Ayurvedic Oil', 179),
(103, 'Herbal Soap', 92),
(104, 'Multivitamins', 40),
(105, 'Eye Drops', 161),
(106, 'Glucose Meter', 13),
(107, 'Hearing Aid', 128),
(108, 'Toothbrush', 73),
(109, 'Protein Powder', 196),
(110, 'Prescription Glasses', 49),
(111, 'Face Mask', 170),
(112, 'Hand Sanitizer', 85),
(113, 'First Aid Kit', 22),
(114, 'Blood Pressure Monitor', 144),
(115, 'Thermometer', 79),
(116, 'Debit Card Reader', 198),
(117, 'Currency Notes', 32),
(118, 'Travel Insurance', 106),
(119, 'Flight Ticket', 153),
(120, 'Event Pass', 25),
(121, 'Conference Kit', 147),
(122, 'Kids Play Kit', 60),
(123, 'Food Sampler', 182),
(124, 'Customer Card', 5),
(125, 'Lost Tag', 116),
(126, 'Security Badge', 77),
(127, 'Parking Token', 194),
(128, 'Laundry Bag', 39),
(129, 'Tailored Shirt', 158),
(130, 'Shoe Polish Kit', 93),
(131, 'Watch Battery', 1),
(132, 'Phone Screen Guard', 124),
(133, 'Laptop Bag', 171),
(134, 'Dry Clean Bag', 46),
(135, 'Iron Box', 135),
(136, 'Photo Frame', 87),
(137, 'Printed Banner', 20),
(138, 'Art Canvas', 149),
(139, 'Guitar', 63),
(140, 'Dance Shoes', 187),
(141, 'Drama Script', 102),
(142, 'Craft Kit', 26),
(143, 'Fabric Roll', 140),
(144, 'Embroidery Thread', 8),
(145, 'Knitting Needles', 165),
(146, 'Sewing Kit', 96),
(147, 'Tailor Chalk', 41),
(148, 'Design Board', 120),
(149, 'Interior Catalog', 54),
(150, 'Architecture Model', 177),
(151, 'Property Brochure', 10),
(152, 'Legal Document', 132),
(153, 'Account Ledger', 58),
(154, 'IT Hardware', 183),
(155, 'Marketing Banner', 15),
(156, 'HR Manual', 107),
(157, 'Admin File', 72),
(158, 'Logistics Box', 191),
(159, 'Supply Kit', 36),
(160, 'Warehouse Rack', 115),
(161, 'Dispatch Label', 4),
(162, 'Receiving Form', 146),
(163, 'Quality Tag', 81),
(164, 'Packaging Box', 164),
(165, 'Product Label', 30),
(166, 'Sorting Tray', 118),
(167, 'Returns Form', 76),
(168, 'Exchange Slip', 200),
(169, 'Bill Receipt', 18),
(170, 'Cash Register', 141),
(171, 'Self Checkout Kit', 97),
(172, 'Gift Wrap Paper', 50),
(173, 'Loyalty Card', 173),
(174, 'Membership Card', 126),
(175, 'Offer Coupon', 44),
(176, 'Discount Voucher', 162),
(177, 'Clearance Tag', 86),
(178, 'New Arrival Tag', 130),
(179, 'Seasonal Catalog', 175),
(180, 'Premium Package', 61),
(181, 'Luxury Gift Box', 137),
(182, 'Budget Pack', 100),
(183, 'Value Combo', 154),
(184, 'Flash Sale Tag', 23),
(185, 'Online Order Slip', 108),
(186, 'Click Collect Box', 180),
(187, 'Delivery Package', 33),
(188, 'Pickup Token', 121),
(189, 'Courier Bag', 65),
(190, 'Locker Key', 176),
(191, 'Vending Token', 52),
(192, 'Food Vending Pack', 145),
(193, 'Snack Box', 90),
(194, 'Refreshment Pack', 168),
(195, 'Energy Drink', 37),
(196, 'Mineral Pack', 110),
(197, 'Protein Shake', 133),
(198, 'Detox Juice', 74),
(199, 'Vitamin Water', 159),
(200, 'Sports Drink', 123);

